piloto,volta_num,t_ini,t_fim,t_sync_m
Humberto,1,100.06460899999365,200.0733079999918,111.050005
Rafa,1,0.0,95.56946399994195,105.75
Varela,1,130.4529699999839,239.0842999999877,143.650004
