piloto,volta_num,t_ini,t_fim,t_sync_m
Humberto,2,203.87781800003722,304.15037699998356,7.0
Rafa,1,98.61170300003141,194.08279000001494,6.9
Varela,2,266.97027300007176,375.6220060000196,7.0
